Token Name,Color Family,Stop,Opacity %,R,G,B,Base Hex,Alpha,Flutter Color (0xAARRGGBB),CSS rgba()
Blue/900/10,Blue,900,10,12,30,51,#0C1E33,0.10,0x1A0C1E33,"rgba(12, 30, 51, 0.10)"
Blue/900/20,Blue,900,20,12,30,51,#0C1E33,0.20,0x330C1E33,"rgba(12, 30, 51, 0.20)"
Blue/900/30,Blue,900,30,12,30,51,#0C1E33,0.30,0x4D0C1E33,"rgba(12, 30, 51, 0.30)"
Blue/900/50,Blue,900,50,12,30,51,#0C1E33,0.50,0x800C1E33,"rgba(12, 30, 51, 0.50)"
Blue/900/80,Blue,900,80,12,30,51,#0C1E33,0.80,0xCC0C1E33,"rgba(12, 30, 51, 0.80)"
Blue/900/100,Blue,900,100,12,30,51,#0C1E33,1.00,0xFF0C1E33,"rgba(12, 30, 51, 1.00)"
Blue/800/10,Blue,800,10,27,55,102,#1B3766,0.10,0x1A1B3766,"rgba(27, 55, 102, 0.10)"
Blue/800/20,Blue,800,20,27,55,102,#1B3766,0.20,0x331B3766,"rgba(27, 55, 102, 0.20)"
Blue/800/30,Blue,800,30,27,55,102,#1B3766,0.30,0x4D1B3766,"rgba(27, 55, 102, 0.30)"
Blue/800/50,Blue,800,50,27,55,102,#1B3766,0.50,0x801B3766,"rgba(27, 55, 102, 0.50)"
Blue/800/80,Blue,800,80,27,55,102,#1B3766,0.80,0xCC1B3766,"rgba(27, 55, 102, 0.80)"
Blue/800/100,Blue,800,100,27,55,102,#1B3766,1.00,0xFF1B3766,"rgba(27, 55, 102, 1.00)"
Blue/700/10,Blue,700,10,41,83,153,#295399,0.10,0x1A295399,"rgba(41, 83, 153, 0.10)"
Blue/700/20,Blue,700,20,41,83,153,#295399,0.20,0x33295399,"rgba(41, 83, 153, 0.20)"
Blue/700/30,Blue,700,30,41,83,153,#295399,0.30,0x4D295399,"rgba(41, 83, 153, 0.30)"
Blue/700/50,Blue,700,50,41,83,153,#295399,0.50,0x80295399,"rgba(41, 83, 153, 0.50)"
Blue/700/80,Blue,700,80,41,83,153,#295399,0.80,0xCC295399,"rgba(41, 83, 153, 0.80)"
Blue/700/100,Blue,700,100,41,83,153,#295399,1.00,0xFF295399,"rgba(41, 83, 153, 1.00)"
Blue/600/10,Blue,600,10,54,110,204,#366ECC,0.10,0x1A366ECC,"rgba(54, 110, 204, 0.10)"
Blue/600/20,Blue,600,20,54,110,204,#366ECC,0.20,0x33366ECC,"rgba(54, 110, 204, 0.20)"
Blue/600/30,Blue,600,30,54,110,204,#366ECC,0.30,0x4D366ECC,"rgba(54, 110, 204, 0.30)"
Blue/600/50,Blue,600,50,54,110,204,#366ECC,0.50,0x80366ECC,"rgba(54, 110, 204, 0.50)"
Blue/600/80,Blue,600,80,54,110,204,#366ECC,0.80,0xCC366ECC,"rgba(54, 110, 204, 0.80)"
Blue/600/100,Blue,600,100,54,110,204,#366ECC,1.00,0xFF366ECC,"rgba(54, 110, 204, 1.00)"
Blue/500/10,Blue,500,10,68,138,255,#448AFF,0.10,0x1A448AFF,"rgba(68, 138, 255, 0.10)"
Blue/500/20,Blue,500,20,68,138,255,#448AFF,0.20,0x33448AFF,"rgba(68, 138, 255, 0.20)"
Blue/500/30,Blue,500,30,68,138,255,#448AFF,0.30,0x4D448AFF,"rgba(68, 138, 255, 0.30)"
Blue/500/50,Blue,500,50,68,138,255,#448AFF,0.50,0x80448AFF,"rgba(68, 138, 255, 0.50)"
Blue/500/80,Blue,500,80,68,138,255,#448AFF,0.80,0xCC448AFF,"rgba(68, 138, 255, 0.80)"
Blue/500/100,Blue,500,100,68,138,255,#448AFF,1.00,0xFF448AFF,"rgba(68, 138, 255, 1.00)"
Blue/400/10,Blue,400,10,58,150,255,#3A96FF,0.10,0x1A3A96FF,"rgba(58, 150, 255, 0.10)"
Blue/400/20,Blue,400,20,58,150,255,#3A96FF,0.20,0x333A96FF,"rgba(58, 150, 255, 0.20)"
Blue/400/30,Blue,400,30,58,150,255,#3A96FF,0.30,0x4D3A96FF,"rgba(58, 150, 255, 0.30)"
Blue/400/50,Blue,400,50,58,150,255,#3A96FF,0.50,0x803A96FF,"rgba(58, 150, 255, 0.50)"
Blue/400/80,Blue,400,80,58,150,255,#3A96FF,0.80,0xCC3A96FF,"rgba(58, 150, 255, 0.80)"
Blue/400/100,Blue,400,100,58,150,255,#3A96FF,1.00,0xFF3A96FF,"rgba(58, 150, 255, 1.00)"
Blue/300/10,Blue,300,10,97,171,255,#61ABFF,0.10,0x1A61ABFF,"rgba(97, 171, 255, 0.10)"
Blue/300/20,Blue,300,20,97,171,255,#61ABFF,0.20,0x3361ABFF,"rgba(97, 171, 255, 0.20)"
Blue/300/30,Blue,300,30,97,171,255,#61ABFF,0.30,0x4D61ABFF,"rgba(97, 171, 255, 0.30)"
Blue/300/50,Blue,300,50,97,171,255,#61ABFF,0.50,0x8061ABFF,"rgba(97, 171, 255, 0.50)"
Blue/300/80,Blue,300,80,97,171,255,#61ABFF,0.80,0xCC61ABFF,"rgba(97, 171, 255, 0.80)"
Blue/300/100,Blue,300,100,97,171,255,#61ABFF,1.00,0xFF61ABFF,"rgba(97, 171, 255, 1.00)"
Blue/200/10,Blue,200,10,137,192,255,#89C0FF,0.10,0x1A89C0FF,"rgba(137, 192, 255, 0.10)"
Blue/200/20,Blue,200,20,137,192,255,#89C0FF,0.20,0x3389C0FF,"rgba(137, 192, 255, 0.20)"
Blue/200/30,Blue,200,30,137,192,255,#89C0FF,0.30,0x4D89C0FF,"rgba(137, 192, 255, 0.30)"
Blue/200/50,Blue,200,50,137,192,255,#89C0FF,0.50,0x8089C0FF,"rgba(137, 192, 255, 0.50)"
Blue/200/80,Blue,200,80,137,192,255,#89C0FF,0.80,0xCC89C0FF,"rgba(137, 192, 255, 0.80)"
Blue/200/100,Blue,200,100,137,192,255,#89C0FF,1.00,0xFF89C0FF,"rgba(137, 192, 255, 1.00)"
Blue/100/10,Blue,100,10,176,213,255,#B0D5FF,0.10,0x1AB0D5FF,"rgba(176, 213, 255, 0.10)"
Blue/100/20,Blue,100,20,176,213,255,#B0D5FF,0.20,0x33B0D5FF,"rgba(176, 213, 255, 0.20)"
Blue/100/30,Blue,100,30,176,213,255,#B0D5FF,0.30,0x4DB0D5FF,"rgba(176, 213, 255, 0.30)"
Blue/100/50,Blue,100,50,176,213,255,#B0D5FF,0.50,0x80B0D5FF,"rgba(176, 213, 255, 0.50)"
Blue/100/80,Blue,100,80,176,213,255,#B0D5FF,0.80,0xCCB0D5FF,"rgba(176, 213, 255, 0.80)"
Blue/100/100,Blue,100,100,176,213,255,#B0D5FF,1.00,0xFFB0D5FF,"rgba(176, 213, 255, 1.00)"
Grey/900/10,Grey,900,10,12,15,17,#0C0F11,0.10,0x1A0C0F11,"rgba(12, 15, 17, 0.10)"
Grey/900/20,Grey,900,20,12,15,17,#0C0F11,0.20,0x330C0F11,"rgba(12, 15, 17, 0.20)"
Grey/900/30,Grey,900,30,12,15,17,#0C0F11,0.30,0x4D0C0F11,"rgba(12, 15, 17, 0.30)"
Grey/900/50,Grey,900,50,12,15,17,#0C0F11,0.50,0x800C0F11,"rgba(12, 15, 17, 0.50)"
Grey/900/80,Grey,900,80,12,15,17,#0C0F11,0.80,0xCC0C0F11,"rgba(12, 15, 17, 0.80)"
Grey/900/100,Grey,900,100,12,15,17,#0C0F11,1.00,0xFF0C0F11,"rgba(12, 15, 17, 1.00)"
Grey/800/10,Grey,800,10,24,29,35,#181D23,0.10,0x1A181D23,"rgba(24, 29, 35, 0.10)"
Grey/800/20,Grey,800,20,24,29,35,#181D23,0.20,0x33181D23,"rgba(24, 29, 35, 0.20)"
Grey/800/30,Grey,800,30,24,29,35,#181D23,0.30,0x4D181D23,"rgba(24, 29, 35, 0.30)"
Grey/800/50,Grey,800,50,24,29,35,#181D23,0.50,0x80181D23,"rgba(24, 29, 35, 0.50)"
Grey/800/80,Grey,800,80,24,29,35,#181D23,0.80,0xCC181D23,"rgba(24, 29, 35, 0.80)"
Grey/800/100,Grey,800,100,24,29,35,#181D23,1.00,0xFF181D23,"rgba(24, 29, 35, 1.00)"
Grey/700/10,Grey,700,10,36,44,52,#242C34,0.10,0x1A242C34,"rgba(36, 44, 52, 0.10)"
Grey/700/20,Grey,700,20,36,44,52,#242C34,0.20,0x33242C34,"rgba(36, 44, 52, 0.20)"
Grey/700/30,Grey,700,30,36,44,52,#242C34,0.30,0x4D242C34,"rgba(36, 44, 52, 0.30)"
Grey/700/50,Grey,700,50,36,44,52,#242C34,0.50,0x80242C34,"rgba(36, 44, 52, 0.50)"
Grey/700/80,Grey,700,80,36,44,52,#242C34,0.80,0xCC242C34,"rgba(36, 44, 52, 0.80)"
Grey/700/100,Grey,700,100,36,44,52,#242C34,1.00,0xFF242C34,"rgba(36, 44, 52, 1.00)"
Grey/600/10,Grey,600,10,48,58,70,#303A46,0.10,0x1A303A46,"rgba(48, 58, 70, 0.10)"
Grey/600/20,Grey,600,20,48,58,70,#303A46,0.20,0x33303A46,"rgba(48, 58, 70, 0.20)"
Grey/600/30,Grey,600,30,48,58,70,#303A46,0.30,0x4D303A46,"rgba(48, 58, 70, 0.30)"
Grey/600/50,Grey,600,50,48,58,70,#303A46,0.50,0x80303A46,"rgba(48, 58, 70, 0.50)"
Grey/600/80,Grey,600,80,48,58,70,#303A46,0.80,0xCC303A46,"rgba(48, 58, 70, 0.80)"
Grey/600/100,Grey,600,100,48,58,70,#303A46,1.00,0xFF303A46,"rgba(48, 58, 70, 1.00)"
Grey/500/10,Grey,500,10,60,73,87,#3C4957,0.10,0x1A3C4957,"rgba(60, 73, 87, 0.10)"
Grey/500/20,Grey,500,20,60,73,87,#3C4957,0.20,0x333C4957,"rgba(60, 73, 87, 0.20)"
Grey/500/30,Grey,500,30,60,73,87,#3C4957,0.30,0x4D3C4957,"rgba(60, 73, 87, 0.30)"
Grey/500/50,Grey,500,50,60,73,87,#3C4957,0.50,0x803C4957,"rgba(60, 73, 87, 0.50)"
Grey/500/80,Grey,500,80,60,73,87,#3C4957,0.80,0xCC3C4957,"rgba(60, 73, 87, 0.80)"
Grey/500/100,Grey,500,100,60,73,87,#3C4957,1.00,0xFF3C4957,"rgba(60, 73, 87, 1.00)"
Grey/400/10,Grey,400,10,125,135,146,#7D8792,0.10,0x1A7D8792,"rgba(125, 135, 146, 0.10)"
Grey/400/20,Grey,400,20,125,135,146,#7D8792,0.20,0x337D8792,"rgba(125, 135, 146, 0.20)"
Grey/400/30,Grey,400,30,125,135,146,#7D8792,0.30,0x4D7D8792,"rgba(125, 135, 146, 0.30)"
Grey/400/50,Grey,400,50,125,135,146,#7D8792,0.50,0x807D8792,"rgba(125, 135, 146, 0.50)"
Grey/400/80,Grey,400,80,125,135,146,#7D8792,0.80,0xCC7D8792,"rgba(125, 135, 146, 0.80)"
Grey/400/100,Grey,400,100,125,135,146,#7D8792,1.00,0xFF7D8792,"rgba(125, 135, 146, 1.00)"
Grey/300/10,Grey,300,10,179,183,188,#B3B7BC,0.10,0x1AB3B7BC,"rgba(179, 183, 188, 0.10)"
Grey/300/20,Grey,300,20,179,183,188,#B3B7BC,0.20,0x33B3B7BC,"rgba(179, 183, 188, 0.20)"
Grey/300/30,Grey,300,30,179,183,188,#B3B7BC,0.30,0x4DB3B7BC,"rgba(179, 183, 188, 0.30)"
Grey/300/50,Grey,300,50,179,183,188,#B3B7BC,0.50,0x80B3B7BC,"rgba(179, 183, 188, 0.50)"
Grey/300/80,Grey,300,80,179,183,188,#B3B7BC,0.80,0xCCB3B7BC,"rgba(179, 183, 188, 0.80)"
Grey/300/100,Grey,300,100,179,183,188,#B3B7BC,1.00,0xFFB3B7BC,"rgba(179, 183, 188, 1.00)"
Grey/200/10,Grey,200,10,221,223,226,#DDDFE2,0.10,0x1ADDDFE2,"rgba(221, 223, 226, 0.10)"
Grey/200/20,Grey,200,20,221,223,226,#DDDFE2,0.20,0x33DDDFE2,"rgba(221, 223, 226, 0.20)"
Grey/200/30,Grey,200,30,221,223,226,#DDDFE2,0.30,0x4DDDDFE2,"rgba(221, 223, 226, 0.30)"
Grey/200/50,Grey,200,50,221,223,226,#DDDFE2,0.50,0x80DDDFE2,"rgba(221, 223, 226, 0.50)"
Grey/200/80,Grey,200,80,221,223,226,#DDDFE2,0.80,0xCCDDDFE2,"rgba(221, 223, 226, 0.80)"
Grey/200/100,Grey,200,100,221,223,226,#DDDFE2,1.00,0xFFDDDFE2,"rgba(221, 223, 226, 1.00)"
Grey/100/10,Grey,100,10,244,245,245,#F4F5F5,0.10,0x1AF4F5F5,"rgba(244, 245, 245, 0.10)"
Grey/100/20,Grey,100,20,244,245,245,#F4F5F5,0.20,0x33F4F5F5,"rgba(244, 245, 245, 0.20)"
Grey/100/30,Grey,100,30,244,245,245,#F4F5F5,0.30,0x4DF4F5F5,"rgba(244, 245, 245, 0.30)"
Grey/100/50,Grey,100,50,244,245,245,#F4F5F5,0.50,0x80F4F5F5,"rgba(244, 245, 245, 0.50)"
Grey/100/80,Grey,100,80,244,245,245,#F4F5F5,0.80,0xCCF4F5F5,"rgba(244, 245, 245, 0.80)"
Grey/100/100,Grey,100,100,244,245,245,#F4F5F5,1.00,0xFFF4F5F5,"rgba(244, 245, 245, 1.00)"
